date,open,high,close,low,volume,price_change,p_change,ma5,ma10,ma20,v_ma5,v_ma10,v_ma20
2023-06-30,3178.92,3212.99,3202.06,3177.99,2653798.75,19.68,0.62,3182.776,3213.426,3216.55,2775372.05,2947614.65,2952329.19
2023-06-29,3185.42,3196.5,3182.38,3179.53,2503400.75,-7.0,-0.22,3181.944,3216.119,3216.675,2833367.05,2985772.03,2966925.93
2023-06-28,3183.49,3192.66,3189.38,3157.12,2762319.5,-0.06,-0.0,3193.54,3221.248,3218.766,2929208.1,3016060.4,2993522.11
2023-06-27,3153.31,3194.41,3189.44,3148.27,2876043.25,38.82,1.23,3206.826,3225.193,3220.37,3032250.3,3053612.9,3004100.88
2023-06-26,3177.23,3181.08,3150.62,3144.25,3081298.0,-47.28,-1.48,3223.604,3229.39,3221.523,3109605.35,3080164.08,2991148.95
2023-06-21,3230.11,3236.36,3197.9,3197.9,2943773.75,-42.46,-1.31,3244.076,3235.687,3224.055,3119857.25,3065565.03,2978878.51
2023-06-20,3252.54,3252.84,3240.36,3237.79,2982606.0,-15.45,-0.47,3250.294,3235.673,3224.397,3138177.0,3029251.05,2976049.95
2023-06-19,3271.16,3271.16,3255.81,3251.78,3277530.5,-17.52,-0.54,3248.956,3231.171,3224.691,3102912.7,3039276.33,2964559.19
2023-06-16,3256.3,3276.55,3273.33,3255.5,3262818.5,20.35,0.63,3243.56,3228.834,3226.724,3074975.5,2989583.48,2937627.66
2023-06-15,3230.45,3252.98,3252.98,3229.15,3132557.5,23.99,0.74,3235.176,3224.508,3227.235,3050722.8,2957968.73,2917188.78
2023-06-14,3238.12,3248.46,3228.99,3226.77,3035372.5,-4.68,-0.14,3227.298,3219.673,3229.452,3011272.8,2957043.73,2915544.64
2023-06-13,3223.9,3235.09,3233.67,3215.5,2806284.5,4.84,0.15,3221.052,3217.23,3232.214,2920325.1,2948079.83,2906648.04
2023-06-12,3225.3,3239.44,3228.83,3210.71,3137844.5,-2.58,-0.08,3213.386,3216.284,3235.08,2975639.95,2970983.83,2927573.51
2023-06-09,3213.03,3231.41,3231.41,3206.1,3141555.0,17.82,0.56,3214.108,3215.546,3239.175,2904191.45,2954588.85,2964704.23
2023-06-08,3194.83,3225.53,3213.59,3180.54,2935307.5,15.83,0.49,3213.84,3213.655,3241.223,2865214.65,2902133.83,2981283.96
2023-06-07,3197.47,3210.33,3197.76,3188.01,2580634.0,2.42,0.08,3212.048,3212.422,3246.021,2902814.65,2892192.0,3011647.73
2023-06-06,3228.41,3247.35,3195.34,3189.27,3082858.75,-37.1,-1.15,3213.408,3213.121,3252.09,2975834.55,2922848.85,3108485.9
2023-06-05,3231.81,3244.18,3232.44,3221.63,2780602.0,2.37,0.07,3219.182,3218.211,3260.207,2966327.7,2889842.05,3240849.61
2023-06-02,3212.45,3233.99,3230.07,3211.74,2946671.0,25.44,0.79,3216.984,3224.614,3268.335,3004986.25,2885671.85,3368871.34
2023-06-01,3196.15,3225.09,3204.63,3189.52,3123307.5,0.07,0.0,3213.47,3229.961,3273.556,2939053.0,2876408.83,3439790.04
2023-05-31,3214.66,3216.36,3204.56,3190.27,2945733.5,-19.65,-0.61,3212.796,3239.23,3280.848,2881569.35,2874045.55,3525307.11
2023-05-30,3214.67,3230.63,3224.21,3186.63,3035324.5,2.76,0.09,3212.834,3247.197,3286.783,2869863.15,2865216.25,3578797.83
2023-05-29,3219.76,3230.97,3221.45,3208.96,2973894.75,8.95,0.28,3217.24,3253.875,3289.867,2813356.4,2884163.2,3597826.86
2023-05-26,3198.88,3220.77,3212.5,3179.82,2617004.75,11.24,0.35,3232.244,3262.804,3291.999,2766357.45,2974819.6,3628091.05
2023-05-25,3197.36,3207.02,3201.26,3168.57,2835889.25,-3.49,-0.11,3246.452,3268.79,3294.618,2813764.65,3060434.1,3687688.68
2023-05-24,3237.7,3237.7,3204.75,3204.38,2887202.5,-41.49,-1.28,3265.664,3279.619,3298.325,2866521.75,3131103.45,3723022.03
2023-05-23,3294.79,3298.23,3246.24,3246.24,2752790.75,-50.23,-1.52,3281.56,3291.059,3303.151,2860569.35,3294122.95,3772359.45
2023-05-22,3278.6,3308.53,3296.47,3276.54,2738900.0,12.93,0.39,3290.51,3302.202,3309.19,2954970.0,3591857.18,3809897.4
2023-05-19,3288.89,3302.34,3283.54,3268.22,2854040.75,-13.78,-0.42,3293.364,3312.055,3312.873,3183281.75,3852070.83,3846014.13
2023-05-18,3288.41,3313.86,3297.32,3284.17,3099674.75,13.09,0.4,3291.128,3317.151,3318.363,3307103.55,4003171.25,3877511.83
2023-05-17,3281.97,3298.52,3284.23,3269.89,2857440.5,-6.76,-0.2,3293.574,3322.465,3322.777,3395685.15,4176568.68,3923933.05
2023-05-16,3310.16,3317.9,3290.99,3282.49,3224794.0,-19.75,-0.6,3300.558,3326.369,3325.473,3727676.55,4292379.4,3950210.66
2023-05-15,3269.88,3310.74,3310.74,3235.87,3880458.75,38.38,1.17,3313.894,3325.858,3326.842,4228744.35,4311490.53,3962902.01
2023-05-12,3304.46,3319.13,3272.36,3271.43,3473149.75,-37.19,-1.12,3330.746,3321.194,3327.664,4520859.9,4281362.5,3940391.74
2023-05-11,3323.66,3333.25,3309.55,3307.29,3542582.75,-9.6,-0.29,3343.174,3320.445,3329.724,4699238.95,4314943.25,3927017.28
2023-05-10,3347.7,3349.72,3319.15,3305.25,4517397.5,-38.52,-1.15,3351.356,3317.031,3330.015,4957452.2,4314940.6,3920298.06
2023-05-09,3402.39,3418.95,3357.67,3356.12,5730133.0,-37.33,-1.1,3352.18,3315.242,3330.44,4857082.25,4250595.95,3835944.31
2023-05-08,3340.99,3400.18,3395.0,3340.99,5341036.5,60.5,1.81,3337.822,3316.178,3328.188,4394236.7,4027937.63,3713015.38
2023-05-05,3350.65,3364.14,3334.5,3321.19,4365045.0,-15.96,-0.48,3311.642,3313.691,3324.066,4041865.1,3839957.43,3638899.36
2023-05-04,3306.48,3352.75,3350.46,3302.03,4833649.0,27.19,0.82,3297.716,3319.574,3322.161,3930647.55,3751852.4,3599485.5
2023-04-28,3283.12,3324.88,3323.27,3283.12,4015547.75,37.39,1.14,3282.706,3323.089,3318.281,3672429.0,3671297.43,3499609.93
2023-04-27,3256.23,3299.3,3285.88,3253.11,3415905.25,21.78,0.67,3278.304,3324.577,3315.18,3644109.65,3608041.93,3448781.69
2023-04-26,3255.22,3277.98,3264.1,3239.99,3579178.5,-0.77,-0.02,3294.534,3327.825,3312.889,3661638.55,3614313.5,3426436.68
2023-04-25,3276.4,3288.57,3264.87,3229.45,3808957.25,-10.54,-0.32,3315.74,3334.133,3311.953,3638049.75,3599420.98,3395319.08
2023-04-24,3300.81,3303.09,3275.41,3264.93,3542556.25,-25.85,-0.78,3341.432,3339.003,3311.279,3573057.25,3539091.3,3373801.81
2023-04-21,3364.0,3367.61,3301.26,3301.26,3873951.0,-65.77,-1.95,3363.472,3342.998,3310.791,3670165.85,3525655.53,3358930.66
2023-04-20,3367.05,3371.37,3367.03,3344.02,3503549.75,-3.1,-0.09,3370.85,3345.637,3310.061,3571974.2,3421292.68,3318292.31
2023-04-19,3391.35,3394.96,3370.13,3364.64,3461234.5,-23.2,-0.68,3361.116,3340.197,3304.997,3566988.45,3398093.13,3288535.05
2023-04-18,3379.23,3396.17,3393.33,3375.78,3483994.75,7.72,0.23,3352.526,3334.44,3299.273,3560792.2,3437841.3,3266378.71
2023-04-17,3337.06,3385.61,3385.61,3336.39,4028099.25,47.46,1.42,3336.574,3324.747,3291.352,3505125.35,3447118.6,3288437.68
2023-04-14,3326.37,3340.08,3338.15,3316.81,3382992.75,19.79,0.6,3322.524,3313.472,3284.599,3381145.2,3327922.43,3258533.23
2023-04-13,3321.27,3334.47,3318.36,3309.25,3478621.0,-8.82,-0.27,3320.424,3305.782,3279.036,3270611.15,3289521.45,3253078.4
2023-04-12,3316.86,3330.71,3327.18,3315.4,3430253.25,13.61,0.41,3319.278,3297.952,3276.283,3229197.8,3238559.85,3231731.75
2023-04-11,3317.08,3317.45,3313.57,3298.25,3205660.5,-1.79,-0.05,3316.354,3289.772,3272.19,3314890.4,3191217.18,3220172.1
2023-04-10,3331.51,3332.72,3315.36,3309.92,3408198.5,-12.29,-0.37,3312.92,3283.555,3269.946,3389111.85,3208512.33,3207353.11
2023-04-07,3312.48,3328.85,3327.65,3308.06,2830322.5,15.02,0.45,3304.42,3278.584,3265.682,3274699.65,3192205.8,3177510.89
2023-04-06,3302.75,3314.53,3312.63,3296.06,3271554.25,0.07,0.0,3291.14,3274.484,3263.104,3308431.75,3215291.95,3168005.69
2023-04-04,3297.18,3312.56,3312.56,3290.99,3858716.25,16.16,0.49,3276.626,3269.796,3261.635,3247921.9,3178976.98,3134649.75
2023-04-03,3277.34,3299.73,3296.4,3276.42,3576767.75,23.54,0.72,3263.19,3264.105,3260.262,3067543.95,3094916.13,3136692.91
2023-03-31,3263.41,3278.42,3272.86,3260.04,2836137.5,11.61,0.36,3254.19,3257.956,3261.544,3027912.8,3129756.75,3128119.75
2023-03-30,3243.07,3263.74,3261.25,3220.98,2998983.0,21.19,0.65,3252.748,3255.725,3264.32,3109711.95,3189144.03,3158311.34
2023-03-29,3253.62,3254.56,3240.06,3229.58,2969005.0,-5.32,-0.16,3257.828,3252.289,3266.79,3122152.15,3216635.35,3172622.2
2023-03-28,3256.6,3264.1,3245.38,3241.74,2956826.5,-6.02,-0.18,3262.966,3254.614,3270.405,3110032.05,3224903.65,3183371.3
2023-03-27,3261.82,3261.82,3251.4,3229.7,3378612.0,-14.25,-0.44,3265.02,3254.607,3272.116,3122288.3,3249127.03,3161342.49
2023-03-24,3282.74,3282.74,3265.65,3260.84,3245133.25,-21.0,-0.64,3261.722,3256.337,3272.448,3231600.7,3206193.9,3113839.56
2023-03-23,3258.78,3286.65,3286.65,3252.99,3061184.0,20.9,0.64,3258.702,3252.78,3272.523,3268576.1,3162815.98,3068686.05
2023-03-22,3263.41,3279.39,3265.75,3255.74,2908404.5,10.1,0.31,3246.75,3251.724,3272.565,3311118.55,3120719.43,3046789.0
2023-03-21,3240.84,3256.0,3255.65,3237.89,3018107.75,20.74,0.64,3246.262,3253.474,3273.835,3339775.25,3090322.53,3029070.76
2023-03-20,3253.93,3267.99,3234.91,3231.65,3925174.0,-15.64,-0.48,3244.194,3256.419,3276.378,3375965.75,3178469.7,3040370.1
2023-03-17,3245.26,3279.92,3250.55,3240.16,3430010.25,23.66,0.73,3250.952,3265.131,3279.15,3180787.1,3126482.75,3006615.26
2023-03-16,3244.47,3257.43,3226.89,3224.72,3273896.25,-36.42,-1.12,3246.858,3272.915,3277.823,3057055.85,3127478.65,2974340.36
2023-03-15,3261.03,3273.12,3263.31,3256.86,3051688.0,18.0,0.56,3256.698,3281.291,3278.93,2930320.3,3128609.05,3001077.33
2023-03-14,3261.92,3262.0,3245.31,3216.99,3199060.25,-23.39,-0.72,3260.686,3286.195,3279.789,2840869.8,3141838.95,2983462.49
2023-03-13,3228.12,3268.7,3268.7,3228.12,2949280.75,38.62,1.2,3268.644,3289.625,3282.188,2980973.65,3073557.95,2958996.56
2023-03-10,3255.51,3262.15,3230.08,3229.5,2811354.0,-46.01,-1.4,3279.31,3288.558,3282.961,3072178.4,3021485.23,2960139.13
2023-03-09,3285.94,3289.06,3276.09,3260.0,2640218.5,-7.16,-0.22,3298.972,3292.266,3284.49,3197901.45,2974556.13,2949884.89
2023-03-08,3271.88,3283.25,3283.25,3263.69,2604435.5,-1.85,-0.06,3305.884,3293.405,3284.205,3326897.8,2972858.58,2945251.23
2023-03-07,3320.21,3342.86,3285.1,3284.41,3899579.5,-36.93,-1.11,3311.704,3294.195,3281.648,3442808.1,2967819.0,2932294.69
2023-03-06,3332.02,3333.06,3322.03,3308.73,3405304.5,-6.36,-0.19,3310.606,3296.337,3279.797,3166142.25,2902270.5,2862788.94
2023-03-03,3314.77,3330.6,3328.39,3302.62,3439969.25,17.74,0.54,3297.806,3293.168,3275.631,2970792.05,2886747.78,2826050.26
2023-03-02,3308.01,3320.74,3310.65,3306.46,3285200.25,-1.7,-0.05,3285.56,3282.731,3272.382,2751210.8,2821202.08,2800723.21
2023-03-01,3279.14,3315.16,3312.35,3272.04,3183987.0,32.74,1.0,3280.926,3276.569,3271.133,2618819.35,2873545.6,2803169.76
2023-02-28,3265.74,3280.42,3279.61,3246.14,2516250.25,21.58,0.66,3276.686,3273.383,3269.761,2492829.9,2825086.03,2813725.11
2023-02-27,3257.0,3276.58,3258.03,3251.72,2428553.5,-9.13,-0.28,3282.068,3274.75,3268.564,2638398.75,2844435.18,2837994.08
2023-02-24,3287.26,3288.39,3267.16,3253.97,2342063.0,-20.32,-0.62,3288.53,3277.363,3269.129,2802703.5,2898793.03,2893229.31
2023-02-23,3293.52,3307.44,3287.48,3275.36,2623243.0,-3.67,-0.11,3279.902,3276.714,3269.011,2891193.35,2925213.65,2912735.75
2023-02-22,3292.05,3307.03,3291.15,3286.72,2554039.75,-15.37,-0.47,3272.212,3275.004,3266.651,3128271.85,2917643.88,2894806.11
2023-02-21,3291.63,3308.79,3306.52,3282.44,3244094.5,16.18,0.49,3270.08,3269.1,3263.314,3157342.15,2896770.38,2873158.99
2023-02-20,3230.47,3291.04,3290.34,3225.84,3250077.25,66.32,2.06,3267.432,3263.257,3259.2,3050471.6,2823307.38,2824250.38
2023-02-17,3244.73,3262.47,3224.02,3223.26,2784512.25,-25.01,-0.77,3266.196,3258.093,3256.063,2994882.55,2765352.75,2815121.29
2023-02-16,3281.74,3308.83,3249.03,3231.34,3808635.5,-31.46,-0.96,3273.526,3262.032,3254.627,2959233.95,2780244.35,2786009.13
2023-02-15,3294.02,3296.2,3280.49,3274.55,2699391.25,-12.79,-0.39,3277.796,3265.696,3250.348,2707015.9,2732793.93,2703913.0
2023-02-14,3288.97,3293.73,3293.28,3279.19,2709741.75,9.12,0.28,3268.12,3266.139,3244.416,2636198.6,2802364.2,2687814.88
2023-02-13,3256.99,3285.09,3284.16,3252.63,2972132.0,23.49,0.72,3259.082,3262.378,3238.227,2596143.15,2831552.98,2668819.88
2023-02-10,3266.44,3269.99,3260.67,3247.23,2606269.25,-9.71,-0.3,3249.99,3260.894,3232.823,2535822.95,2887665.6,2649270.89
2023-02-09,3227.73,3270.38,3270.38,3225.77,2547545.25,38.27,1.18,3250.538,3261.308,3227.672,2601254.75,2900257.85,2647647.55
2023-02-08,3251.5,3257.11,3232.11,3230.44,2345304.75,-15.98,-0.49,3253.596,3258.298,3221.914,2758571.95,2871968.35,2648771.8
2023-02-07,3245.23,3250.03,3248.09,3233.83,2509464.5,9.39,0.29,3264.158,3257.528,3216.484,2968529.8,2849547.6,2668163.38
2023-02-06,3244.7,3250.35,3238.7,3226.21,2670531.0,-24.71,-0.76,3265.674,3255.143,3209.905,3066962.8,2825193.38,2683375.33
2023-02-03,3275.66,3275.66,3263.41,3235.35,2933428.25,-22.26,-0.68,3271.798,3254.032,3202.433,3239508.25,2864889.83,2658621.45
2023-02-02,3291.78,3295.76,3285.67,3272.41,3334131.25,0.75,0.02,3272.078,3247.222,3192.948,3199260.95,2791773.9,2619735.38
2023-02-01,3262.2,3284.92,3284.92,3245.41,3395094.0,29.25,0.9,3263.0,3235.0,3183.034,2985364.75,2675032.08,2565305.89
2023-01-31,3266.14,3277.25,3255.67,3252.01,3001629.5,-13.65,-0.42,3250.898,3222.692,3173.567,2730565.4,2573265.55,2506660.35
2023-01-30,3308.87,3310.49,3269.32,3266.76,3533258.25,4.51,0.14,3244.612,3214.076,3164.061,2583423.95,2506086.78,2459830.82
2023-01-20,3247.2,3267.06,3264.81,3247.2,2732191.75,24.53,0.76,3236.266,3204.752,3152.889,2490271.4,2410876.18,2379178.06
2023-01-19,3221.52,3240.28,3240.28,3210.38,2264650.25,15.87,0.49,3222.366,3194.035,3142.37,2384286.85,2395037.25,2354388.23
2023-01-18,3227.59,3234.82,3224.41,3220.37,2121097.25,0.17,0.01,3207.0,3185.529,3133.776,2364699.4,2425575.25,2335689.68
2023-01-17,3229.44,3231.26,3224.24,3211.76,2265922.25,-3.35,-0.1,3194.486,3175.44,3126.244,2415965.7,2486779.15,2339053.21
2023-01-16,3198.52,3251.37,3227.59,3197.32,3067495.5,32.28,1.01,3183.54,3164.667,3120.388,2428749.6,2541557.28,2365013.87
2023-01-13,3170.35,3195.31,3195.31,3167.51,2202269.0,31.86,1.01,3173.238,3150.834,3117.402,2331480.95,2452353.08,2341524.99
2023-01-12,3167.27,3171.59,3163.45,3153.4,2166713.0,1.61,0.05,3165.704,3138.673,3116.069,2405787.65,2447696.85,2352923.21
2023-01-11,3172.38,3184.76,3161.84,3160.89,2377428.75,-7.67,-0.24,3164.058,3131.068,3116.723,2486451.1,2455579.7,2377399.34
2023-01-10,3178.02,3178.16,3169.51,3165.14,2329841.75,-6.57,-0.21,3156.394,3124.441,3117.447,2557592.6,2440055.15,2401438.51
2023-01-09,3169.37,3183.58,3176.08,3165.43,2581152.25,18.44,0.58,3145.794,3114.046,3117.924,2654364.95,2413574.86,2451637.32
2023-01-06,3155.07,3170.74,3157.64,3151.84,2573802.5,2.42,0.08,3128.43,3101.025,3119.467,2573225.2,2347479.94,2509251.31
2023-01-05,3132.76,3159.43,3155.22,3130.23,2570030.25,31.7,1.01,3111.642,3090.704,3121.453,2489606.05,2313739.21,2541045.83
2023-01-04,3117.57,3129.09,3123.52,3109.45,2733136.25,7.01,0.23,3098.078,3082.023,3123.673,2424708.3,2245804.11,2589600.86
2023-01-03,3087.51,3119.86,3116.51,3073.05,2813703.5,27.25,0.88,3092.488,3077.048,3128.123,2322517.7,2191327.26,2639739.19
2022-12-30,3084.52,3096.31,3089.26,3082.2,2175453.5,15.56,0.51,3082.298,3076.109,3132.888,2172784.78,2188470.46,2722753.24
2022-12-29,3076.73,3086.0,3073.7,3064.46,2155706.75,-13.7,-0.44,3073.62,3083.969,3136.232,2121734.68,2230696.91,2767886.81
2022-12-28,3088.62,3098.65,3087.4,3079.43,2245541.5,-8.17,-0.26,3069.766,3093.464,3140.821,2137872.38,2258149.56,2853607.99
2022-12-27,3077.75,3098.08,3095.57,3074.31,2222183.25,30.01,0.98,3065.968,3102.377,3144.018,2066899.93,2299218.99,2927690.08
2022-12-26,3048.2,3071.84,3065.56,3047.35,2065038.88,19.69,0.65,3061.608,3110.453,3146.727,2060136.83,2362821.86,3012305.79
2022-12-23,3038.84,3061.87,3045.87,3031.54,1920203.0,-8.56,-0.28,3069.92,3121.801,3147.376,2204156.15,2489699.78,3061959.49
2022-12-22,3085.8,3096.24,3054.43,3044.6,2236395.25,-13.98,-0.46,3094.318,3137.909,3150.167,2339659.15,2671022.68,3121665.33
2022-12-21,3078.33,3085.8,3068.41,3060.55,1890679.25,-5.36,-0.17,3117.162,3152.201,3151.911,2378426.75,2768352.45,3143587.03
2022-12-20,3098.95,3100.75,3073.77,3061.51,2188367.75,-33.35,-1.07,3138.786,3165.322,3153.336,2531538.05,2933397.6,3212130.79
2022-12-19,3165.31,3170.26,3107.12,3096.1,2785135.5,-60.74,-1.92,3159.298,3179.198,3154.095,2665506.9,3088151.13,3266495.36
2022-12-16,3156.13,3175.35,3167.86,3151.61,2597718.0,-0.79,-0.03,3173.682,3189.667,3152.991,2775243.4,3257036.03,3255261.36
2022-12-15,3177.2,3179.1,3168.65,3158.45,2430233.25,-7.88,-0.25,3181.5,3188.495,3149.46,3002386.2,3305076.7,3275352.6
2022-12-14,3178.55,3189.84,3176.53,3168.59,2656235.75,0.2,0.01,3187.24,3188.177,3146.799,3158278.15,3449066.43,3297355.14
2022-12-13,3179.44,3187.2,3176.33,3171.48,2858212.0,-2.71,-0.09,3191.858,3185.658,3143.971,3335257.15,3556161.18,3316258.28
2022-12-12,3195.87,3196.72,3179.04,3176.58,3333818.0,-27.91,-0.87,3199.098,3183.0,3141.859,3510795.35,3661789.73,3339082.96
2022-12-09,3197.12,3212.11,3206.95,3182.91,3733432.0,9.6,0.3,3205.652,3172.951,3137.077,3738828.65,3634219.2,3353286.18
2022-12-08,3196.02,3206.72,3197.35,3187.26,3209693.0,-2.27,-0.07,3195.49,3162.425,3131.094,3607767.2,3572307.98,3371416.84
2022-12-07,3204.94,3226.08,3199.62,3188.67,3541130.75,-12.91,-0.4,3189.114,3151.621,3123.033,3739854.7,3518821.6,3346118.09
2022-12-06,3200.28,3224.82,3212.53,3195.08,3735903.0,0.72,0.02,3179.458,3141.35,3115.46,3777065.2,3490863.98,3286880.21
2022-12-05,3181.92,3213.44,3211.81,3177.06,4473984.5,55.67,1.76,3166.902,3128.991,3108.058,3812784.1,3444839.6,3228346.06
2022-12-02,3160.58,3170.9,3156.14,3149.84,3078124.75,-9.33,-0.29,3140.25,3116.314,3101.359,3529609.75,3253486.7,3164930.39
2022-12-01,3187.99,3198.41,3165.47,3164.53,3870130.5,14.13,0.45,3129.36,3110.424,3097.092,3536848.75,3245628.5,3175927.53
2022-11-30,3141.4,3158.57,3151.34,3137.37,3727183.25,1.59,0.05,3114.128,3105.42,3088.709,3297788.5,3145643.85,3112095.29
2022-11-29,3096.11,3152.0,3149.75,3096.11,3914497.5,71.2,2.31,3103.242,3102.284,3081.31,3204662.75,3076355.38,3088275.25
2022-11-28,3055.29,3080.18,3078.55,3034.7,3058112.75,-23.14,-0.75,3091.08,3100.717,3072.283,3076895.1,3016376.2,3052455.16
2022-11-25,3085.46,3111.42,3101.69,3077.97,3114319.75,12.38,0.4,3092.378,3101.202,3063.029,2977363.65,3072353.15,3050546.63
2022-11-24,3104.1,3113.24,3089.31,3084.86,2674829.25,-7.6,-0.24,3091.488,3099.762,3053.741,2954408.25,3170525.7,3041096.29
2022-11-23,3084.74,3108.24,3096.91,3075.32,3261554.5,7.97,0.26,3096.712,3094.444,3048.421,2993499.2,3173414.58,3040158.95
2022-11-22,3084.23,3118.12,3088.94,3076.32,3275659.25,3.9,0.13,3101.326,3089.57,3043.55,2948048.0,3082896.45,3011425.98
2022-11-21,3078.06,3085.24,3085.04,3056.17,2560455.5,-12.2,-0.39,3110.354,3087.125,3037.917,2955857.3,3011852.53,2975420.09
2022-11-18,3116.73,3126.71,3097.24,3096.89,2999542.75,-18.19,-0.58,3110.026,3086.403,3032.543,3167342.65,3076374.08,2996439.99
2022-11-17,3110.96,3115.44,3115.43,3087.17,2870284.0,-4.55,-0.15,3108.036,3083.759,3029.628,3386643.15,3106226.55,2969089.91
2022-11-16,3133.65,3145.75,3119.98,3115.35,3034298.5,-14.1,-0.45,3092.176,3071.997,3025.609,3353329.95,3078546.73,2947943.79
2022-11-15,3081.13,3135.59,3134.08,3074.5,3314705.75,50.68,1.64,3077.814,3060.336,3021.829,3217744.9,3100195.13,2911676.51
2022-11-14,3100.87,3121.41,3083.4,3075.22,3617882.25,-3.89,-0.13,3063.896,3043.848,3019.173,3067847.75,3088534.13,2868758.6
2022-11-11,3099.65,3117.74,3087.29,3070.3,4096045.25,51.16,1.69,3062.78,3024.856,3019.25,2985405.5,3028740.1,2819168.8
2022-11-10,3031.69,3047.98,3036.13,3022.85,2703718.0,-12.04,-0.4,3059.482,3007.72,3018.485,2825809.95,2911666.88,2753018.56
2022-11-09,3064.46,3073.92,3048.17,3046.19,2356373.25,-16.32,-0.53,3051.818,3002.397,3017.496,2803763.5,2906903.33,2742674.3
2022-11-08,3077.31,3078.28,3064.49,3047.46,2565220.0,-13.33,-0.43,3042.858,2997.53,3016.363,2982645.35,2939955.5,2748862.41
2022-11-07,3062.86,3088.19,3077.82,3054.46,3205671.0,7.02,0.23,3023.8,2988.709,3012.128,3109220.5,2938987.65,2724919.39
2022-11-04,2997.0,3081.59,3070.8,2997.0,3298067.5,72.99,2.44,2986.932,2978.683,3006.945,3072074.7,2916505.9,2686338.25
2022-11-03,2981.2,3003.72,2997.81,2977.72,2593485.75,-5.56,-0.18,2955.958,2975.496,3004.624,2997523.8,2831953.28,2623492.54
2022-11-02,2960.65,3019.05,3003.37,2954.95,3250782.5,34.17,1.15,2952.976,2979.22,3006.794,3010043.15,2817340.85,2608833.47
2022-11-01,2899.5,2969.2,2969.2,2896.76,3198095.75,75.72,2.62,2952.202,2983.321,3008.879,2897265.65,2723157.9,2561343.67
2022-10-31,2893.2,2926.02,2893.48,2885.09,3019942.0,-22.45,-0.77,2953.618,2994.497,3015.112,2768754.8,2648983.08,2517806.53
2022-10-28,2967.02,2974.24,2915.93,2908.98,2925313.0,-66.97,-2.25,2970.434,3013.643,3022.999,2760937.1,2609597.5,2498158.74
2022-10-27,3005.04,3017.26,2982.9,2981.69,2656082.5,-16.6,-0.55,2995.034,3029.249,3031.621,2666382.75,2594370.25,2473421.96
2022-10-26,2977.56,3028.35,2999.5,2977.56,2686895.0,23.22,0.78,3005.464,3032.595,3037.922,2624638.55,2578445.28,2451188.18
2022-10-25,2969.16,3001.72,2976.28,2944.26,2555541.5,-1.28,-0.04,3014.44,3035.196,3043.806,2549050.15,2557769.33,2433329.68
2022-10-24,3034.75,3064.42,2977.56,2965.17,2980853.5,-61.37,-2.02,3035.376,3035.547,3051.112,2529211.35,2510851.13,2415523.87
2022-10-21,3038.04,3055.42,3038.93,3026.96,2452541.25,3.88,0.13,3056.852,3035.206,3058.014,2458257.9,2456170.6,2391038.02
2022-10-20,3029.3,3070.26,3035.05,3013.69,2447361.5,-9.33,-0.31,3063.464,3033.752,3062.388,2522357.75,2415031.81,2426648.91
2022-10-19,3073.26,3081.39,3044.38,3044.38,2308953.0,-36.58,-1.19,3059.726,3034.367,3070.631,2532252.0,2400326.09,2466883.89
2022-10-18,3094.93,3099.92,3080.96,3074.22,2456347.5,-3.98,-0.13,3055.952,3034.436,3080.289,2566488.5,2399529.44,2479032.93
2022-10-17,3060.52,3087.19,3084.94,3052.71,2626086.25,12.95,0.42,3035.718,3035.726,3089.431,2492490.9,2386629.99,2494310.47
2022-10-14,3035.03,3084.27,3071.99,3035.03,2773040.5,55.63,1.84,3013.56,3032.355,3098.287,2454083.3,2386719.99,2504919.99
2022-10-13,3008.3,3036.25,3016.36,3004.5,2496832.75,-9.15,-0.3,3004.04,3033.993,3106.467,2307705.88,2352473.66,2507108.14
2022-10-12,2976.72,3025.51,3025.51,2934.09,2480135.5,45.72,1.53,3009.008,3043.248,3117.963,2268400.18,2323931.09,2532773.74
2022-10-11,2978.06,2986.91,2979.79,2953.5,2086359.5,5.64,0.19,3012.92,3052.415,3128.86,2232570.38,2308890.04,2568201.82
2022-10-10,3026.94,3029.45,2974.15,2968.28,2434048.25,-50.24,-1.66,3035.734,3066.677,3139.866,2280769.08,2320196.61,2604221.66
2022-09-30,3042.17,3054.61,3024.39,3021.93,2041153.38,-16.81,-0.55,3051.15,3080.822,3150.483,2319356.68,2325905.44,2607747.69
2022-09-29,3067.47,3076.76,3041.2,3026.08,2300304.25,-3.87,-0.13,3063.946,3091.023,3158.512,2397241.45,2438266.0,2643020.3
2022-09-28,3089.1,3089.1,3045.07,3044.86,2300986.5,-48.79,-1.58,3077.488,3106.895,3166.559,2379462.0,2533441.7,2700209.5
2022-09-27,3056.39,3094.04,3093.86,3048.37,2327353.0,42.63,1.4,3091.91,3126.142,3175.667,2385209.7,2558536.43,2732319.64
2022-09-26,3067.57,3102.65,3051.23,3048.51,2626986.25,-37.14,-1.2,3097.62,3143.136,3183.01,2359624.15,2601990.95,2764459.54
2022-09-23,3106.81,3124.66,3088.37,3072.24,2430577.25,-20.54,-0.66,3110.494,3164.218,3192.26,2332454.2,2623120.0,2788074.0
2022-09-22,3098.77,3125.68,3108.91,3092.82,2211407.0,-8.27,-0.27,3118.1,3178.94,3200.154,2479290.55,2661742.63,2834643.23
2022-09-21,3116.01,3129.82,3117.18,3091.3,2329725.0,-5.23,-0.17,3136.302,3192.678,3205.468,2687421.4,2741616.4,2907143.16
2022-09-20,3127.84,3140.03,3122.41,3114.04,2199425.25,6.81,0.22,3160.374,3205.305,3213.42,2731863.15,2827513.6,2948940.09
2022-09-19,3122.75,3135.56,3115.6,3101.22,2491136.5,-10.8,-0.34,3188.652,3213.055,3221.189,2844357.75,2888246.7,2996237.76
2022-09-16,3189.83,3191.83,3126.4,3126.4,3164759.0,-73.52,-2.3,3217.942,3220.143,3228.313,2913785.8,2889589.95,3038448.68
2022-09-15,3248.97,3254.18,3199.92,3174.39,3252061.25,-37.62,-1.16,3239.78,3226.001,3235.87,2844194.7,2847774.6,3031058.11
2022-09-14,3224.68,3250.8,3237.54,3221.96,2551933.75,-26.26,-0.81,3249.054,3226.223,3240.501,2795811.4,2866977.3,3031517.43
2022-09-13,3272.05,3278.17,3263.8,3259.66,2761898.25,1.75,0.05,3250.236,3225.191,3242.518,2923164.05,2906102.85,3055716.88
2022-09-09,3241.18,3266.2,3262.05,3236.51,2838276.75,26.46,0.82,3237.458,3222.884,3243.132,2932135.65,2926928.13,3061175.35
2022-09-08,3245.56,3253.7,3235.59,3233.8,2816803.5,-10.7,-0.33,3222.344,3220.301,3243.874,2865394.1,2953028.0,3069227.98
2022-09-07,3232.14,3253.77,3246.29,3227.82,3010144.75,2.84,0.09,3212.222,3221.367,3246.178,2851354.5,3007543.83,3078690.49
2022-09-06,3207.93,3244.64,3243.45,3203.82,3188697.0,43.54,1.36,3203.392,3218.258,3245.365,2938143.2,3072669.93,3056975.05
2022-09-05,3183.95,3199.91,3199.91,3172.04,2806756.25,13.43,0.42,3200.146,3221.535,3245.564,2889041.65,3070366.58,3027342.94
2022-09-02,3189.64,3198.28,3186.48,3173.79,2504569.0,1.5,0.05,3208.31,3229.323,3247.415,2921720.6,3104228.83,3014139.15
2022-09-01,3196.54,3214.56,3184.98,3181.63,2746605.5,-17.16,-0.54,3218.258,3236.483,3249.442,3040661.9,3187307.4,3026252.56
2022-08-31,3216.53,3232.02,3202.14,3184.39,3444088.25,-25.08,-0.78,3230.512,3245.739,3249.645,3163733.15,3214341.63,3019371.76
2022-08-30,3240.18,3243.75,3227.22,3212.63,2943189.25,-13.51,-0.42,3233.124,3254.778,3247.722,3207196.65,3196057.55,3009610.19
2022-08-29,3203.1,3240.73,3240.73,3199.0,2970151.0,4.51,0.14,3242.924,3259.844,3245.674,3251691.5,3205330.9,3059538.81
2022-08-26,3250.63,3266.27,3236.22,3232.28,3099275.5,-10.03,-0.31,3250.336,3263.38,3246.636,3286737.05,3195422.58,3057133.66
2022-08-25,3223.46,3248.35,3246.25,3199.12,3361961.75,31.05,0.97,3254.708,3267.447,3247.487,3333952.9,3185427.95,3055835.41
2022-08-24,3279.17,3281.88,3215.2,3212.39,3661405.75,-61.02,-1.86,3260.966,3270.989,3249.303,3264950.1,3149837.15,3031764.85
2022-08-23,3274.43,3284.6,3276.22,3262.63,3165663.5,-1.57,-0.05,3276.432,3272.471,3252.331,3184918.45,3041280.18,2973260.3
2022-08-22,3249.7,3278.17,3277.79,3247.19,3145378.75,19.71,0.6,3276.764,3269.592,3252.392,3158970.3,2984319.3,2944711.46
2022-08-19,3275.62,3286.49,3258.08,3258.06,3335354.75,-19.46,-0.59,3276.424,3265.506,3251.022,3104108.1,2924049.48,2923065.4
2022-08-18,3286.37,3289.14,3277.54,3270.56,3016947.75,-14.99,-0.46,3280.186,3262.401,3251.617,3036903.0,2865197.73,2906642.7
2022-08-17,3282.1,3296.0,3292.53,3263.35,3261247.5,14.65,0.45,3281.012,3253.551,3251.34,3034724.2,2824401.9,2921974.66
2022-08-16,3278.68,3295.02,3277.88,3271.57,3035922.75,1.79,0.06,3268.51,3240.665,3251.949,2897641.9,2823162.83,2909669.85
2022-08-15,3268.37,3286.89,3276.09,3261.82,2871067.75,-0.8,-0.02,3262.42,3231.504,3252.027,2809668.3,2913746.73,2915699.68
2022-08-12,3275.77,3288.22,3276.89,3272.84,2999329.25,-4.78,-0.15,3254.588,3229.891,3252.127,2743990.85,2918844.75,2946319.3
2022-08-11,3243.47,3281.67,3281.67,3237.9,3006053.75,51.65,1.6,3244.616,3227.526,3249.686,2693492.45,2926242.88,2986431.03
2022-08-10,3242.36,3253.17,3230.02,3217.81,2575836.0,-17.41,-0.54,3226.09,3227.617,3249.689,2614079.6,2913692.55,3014091.55
2022-08-09,3235.74,3248.77,3247.43,3227.54,2596054.75,10.5,0.32,3212.82,3232.191,3252.403,2748683.75,2905240.43,3051222.59
2022-08-08,3218.85,3237.97,3236.93,3214.08,2542680.5,9.9,0.31,3200.588,3235.192,3254.105,3017825.15,2905103.63,3088720.13
2022-08-05,3195.23,3228.89,3227.03,3184.45,2746837.25,37.99,1.19,3205.194,3236.538,3257.937,3093698.65,2922081.33,3132920.7
2022-08-04,3179.43,3191.0,3189.04,3155.7,2608989.5,25.37,0.8,3210.436,3240.832,3264.39,3158993.3,2948087.68,3157039.38
2022-08-03,3188.89,3217.55,3163.67,3159.46,3248856.75,-22.6,-0.71,3229.144,3249.128,3273.158,3213305.5,3019547.43,3193790.0
2022-08-02,3231.26,3231.26,3186.27,3155.19,3941761.75,-73.69,-2.26,3251.562,3263.233,3282.742,3061797.1,2996176.88,3223662.19
2022-08-01,3246.62,3264.3,3259.96,3225.55,2922048.0,6.72,0.21,3269.796,3272.549,3293.63,2792382.1,2917652.63,3232423.94
2022-07-29,3282.81,3294.8,3253.24,3246.37,3073310.5,-29.34,-0.89,3267.882,3274.363,3300.903,2750464.0,2973793.85,3265190.5
2022-07-28,3287.5,3305.71,3282.58,3277.11,2880550.5,6.82,0.21,3271.228,3271.845,3307.623,2737182.05,3046619.18,3286769.63
2022-07-27,3271.78,3282.57,3275.76,3265.73,2491314.75,-1.68,-0.05,3269.112,3271.761,3313.425,2825789.35,3114490.55,3333363.69
2022-07-26,3254.19,3282.41,3277.44,3246.04,2594686.75,27.05,0.83,3274.904,3272.614,3317.713,2930556.65,3197204.75,3429084.73
2022-07-25,3269.71,3273.18,3250.39,3243.03,2712457.5,-19.58,-0.6,3275.302,3273.017,3324.302,3042923.15,3272336.63,3505378.65
2022-07-22,3276.2,3293.64,3269.97,3246.73,3006900.75,-2.03,-0.06,3280.844,3279.336,3330.742,3197123.7,3343760.08,3576814.65
2022-07-21,3297.66,3300.53,3272.0,3272.0,3323587.0,-32.72,-0.99,3272.462,3287.947,3334.731,3356056.3,3365991.08,3621879.48
2022-07-20,3291.55,3308.35,3304.72,3287.74,3015151.25,25.29,0.77,3274.41,3297.187,3337.138,3403191.75,3368032.58,3656007.23
2022-07-19,3278.72,3283.93,3279.43,3256.02,3156519.25,1.33,0.04,3270.324,3302.25,3335.262,3463852.85,3451147.5,3693014.55
2022-07-18,3235.09,3278.47,3278.1,3226.23,3483460.25,50.04,1.55,3270.732,3314.71,3336.627,3501750.1,3547195.25,3732417.04
2022-07-15,3261.38,3288.92,3228.06,3228.06,3801563.75,-53.68,-1.64,3277.828,3327.443,3338.493,3490396.45,3556587.15,3764974.23
2022-07-14,3277.45,3299.25,3281.74,3261.49,3559264.25,-2.55,-0.08,3303.432,3343.401,3342.93,3375925.85,3526920.08,3772546.39
2022-07-13,3279.6,3297.02,3284.29,3266.48,3318456.75,2.82,0.09,3319.964,3355.089,3343.112,3332873.4,3552236.83,3811193.6
2022-07-12,3307.22,3319.25,3281.47,3277.08,3346005.5,-32.11,-0.97,3334.176,3362.812,3344.168,3438442.15,3660964.7,3920562.84
2022-07-11,3341.1,3341.1,3313.58,3297.01,3426692.0,-42.5,-1.27,3358.688,3375.586,3344.54,3592640.4,3738420.68,3978456.66
2022-07-08,3380.37,3386.31,3356.08,3354.12,3229210.75,-8.32,-0.25,3377.058,3382.147,3341.638,3622777.85,3809869.23,4026411.21
2022-07-07,3353.13,3375.86,3364.4,3332.31,3344002.0,9.05,0.27,3383.37,3381.514,3338.076,3677914.3,3877767.88,4084883.55
2022-07-06,3391.03,3391.03,3355.35,3333.1,3846300.5,-48.68,-1.43,3390.214,3377.089,3331.803,3771600.25,3943981.88,4129047.63
2022-07-05,3411.13,3424.84,3404.03,3372.06,4116996.75,-1.4,-0.04,3391.448,3368.274,3327.225,3883487.25,3934881.6,4153824.23
2022-07-04,3381.82,3405.62,3405.43,3364.09,3577379.25,17.79,0.53,3392.484,3358.543,3319.112,3884200.95,3917638.83,4149076.0
2022-07-01,3400.26,3404.05,3387.64,3378.36,3504893.0,-10.98,-0.32,3387.236,3349.543,3310.659,3996960.6,3973361.3,4181220.96
2022-06-30,3358.93,3417.01,3398.62,3358.93,3812431.75,37.1,1.1,3379.658,3342.458,3301.05,4077621.45,4018172.7,4186861.63
2022-06-29,3399.68,3414.65,3361.52,3358.47,4405735.5,-47.69,-1.4,3363.964,3331.134,3290.227,4116363.5,4070150.38,4179072.25
2022-06-28,3377.68,3412.1,3409.21,3358.87,4120565.25,30.02,0.89,3345.1,3325.523,3281.472,3986275.95,4180160.98,4146047.11
2022-06-27,3364.0,3393.31,3379.19,3364.0,4141177.5,29.44,0.88,3324.602,3313.493,3268.465,3951076.7,4218492.65,4114699.99
2022-06-24,3324.74,3356.71,3349.75,3322.95,3908197.25,29.6,0.89,3311.85,3301.129,3256.017,3949762.0,4242953.2,4087373.05
2022-06-23,3269.05,3320.15,3320.15,3262.29,4006142.0,52.95,1.62,3305.258,3294.637,3244.685,3958723.95,4291999.23,4077115.95
2022-06-22,3309.12,3311.02,3267.2,3266.54,3755297.75,-39.52,-1.2,3298.304,3286.517,3234.051,4023937.25,4314113.38,4047938.46
2022-06-21,3313.79,3329.39,3306.72,3279.83,3944569.0,-8.71,-0.26,3305.946,3286.176,3224.237,4374046.0,4372766.85,4068329.65
2022-06-20,3315.78,3333.9,3315.43,3292.93,4134604.0,-1.36,-0.04,3302.384,3279.68,3216.244,4485908.6,4380513.18,4047789.36
2022-06-17,3265.51,3323.28,3316.79,3262.89,3953007.0,31.41,0.96,3290.408,3271.774,3207.801,4536144.4,4389080.63,4027227.48
2022-06-16,3306.84,3319.69,3285.38,3277.53,4332208.5,-20.03,-0.61,3284.016,3259.641,3196.81,4625274.5,4355550.55,3997877.5
2022-06-15,3289.1,3358.55,3305.41,3288.85,5505841.5,16.5,0.5,3274.73,3249.319,3186.84,4604289.5,4287994.13,3938786.04
2022-06-14,3224.21,3289.13,3288.91,3195.82,4503882.0,33.36,1.02,3266.406,3237.421,3176.254,4371487.7,4111933.25,3828672.23
2022-06-13,3256.28,3272.99,3255.55,3229.31,4385783.0,-29.28,-0.89,3256.976,3223.436,3165.496,4275117.75,4010907.33,3772532.38
2022-06-10,3214.18,3286.62,3284.83,3210.81,4398657.5,45.88,1.42,3253.14,3210.905,3156.933,4242016.85,3931792.9,3719112.15
2022-06-09,3259.49,3270.56,3238.95,3223.48,4227283.5,-24.84,-0.76,3235.266,3194.733,3145.441,4085826.6,3862232.68,3671399.51
2022-06-08,3245.02,3266.63,3263.79,3216.01,4341832.5,22.03,0.68,3223.908,3181.584,3136.428,3971698.75,3781763.55,3672031.29
2022-06-07,3235.42,3253.09,3241.76,3222.64,4022032.25,5.39,0.17,3208.436,3162.298,3125.031,3852378.8,3763892.45,3640270.15
2022-06-06,3196.96,3237.07,3236.37,3181.65,4220278.5,40.91,1.28,3189.896,3152.808,3113.15,3746696.9,3715065.55,3585199.31
2022-06-02,3170.31,3197.28,3195.46,3163.76,3617706.25,13.3,0.42,3168.67,3143.828,3101.409,3621568.95,3665374.33,3545817.5
2022-06-01,3179.69,3190.61,3182.16,3160.04,3656644.25,-4.27,-0.13,3154.2,3133.978,3095.024,3638638.75,3640204.45,3556468.63
2022-05-31,3149.94,3188.6,3186.43,3142.0,3745232.75,37.37,1.19,3139.26,3124.36,3088.269,3591828.35,3589577.95,3585602.81
2022-05-30,3141.96,3150.89,3149.06,3123.15,3493622.75,18.82,0.6,3116.16,3115.087,3077.722,3675406.1,3545411.2,3586027.06
2022-05-27,3135.03,3151.05,3130.24,3112.54,3594638.75,7.13,0.23,3115.72,3107.556,3068.183,3683434.2,3534157.43,3622876.03
2022-05-26,3111.48,3133.28,3123.11,3079.48,3703055.25,15.65,0.5,3118.986,3102.96,3055.992,3709179.7,3506431.4,3643951.66
2022-05-25,3070.17,3107.63,3107.46,3069.95,3422592.25,36.53,1.19,3113.756,3096.148,3046.262,3641770.15,3480566.35,3675601.95
2022-05-24,3149.06,3153.13,3070.93,3070.93,4163121.5,-75.93,-2.41,3109.46,3091.272,3045.235,3587327.55,3562299.03,3675472.63
2022-05-23,3150.49,3150.51,3146.86,3127.9,3533763.25,0.29,0.01,3114.014,3087.763,3045.679,3415416.3,3516647.85,3663283.9
2022-05-20,3107.09,3146.57,3146.57,3107.09,3723366.25,49.61,1.6,3099.392,3073.491,3045.889,3384880.65,3455333.08,3667619.25
2022-05-19,3046.71,3096.96,3096.96,3042.67,3366007.5,10.98,0.36,3086.934,3058.99,3048.262,3303683.1,3426260.68,3651422.99
2022-05-18,3095.89,3105.84,3085.98,3071.31,3150379.25,-7.72,-0.25,3078.54,3056.07,3053.19,3319362.55,3472732.8,3656805.18
2022-05-17,3076.5,3093.7,3093.7,3057.64,3303565.25,19.95,0.65,3073.084,3052.178,3059.453,3537270.5,3581627.68,3703207.25
2022-05-16,3100.55,3102.58,3073.75,3063.4,3381085.0,-10.53,-0.34,3061.512,3040.356,3066.05,3617879.4,3626642.93,3723650.16
2022-05-13,3068.03,3086.1,3084.28,3059.25,3317378.5,29.29,0.96,3047.59,3028.809,3071.703,3525785.5,3711594.63,3750174.38
2022-05-12,3044.8,3072.16,3054.99,3032.95,3444404.75,-3.71,-0.12,3031.046,3009.024,3078.156,3548838.25,3781471.93,3793466.41
2022-05-11,3035.39,3100.9,3058.7,3034.67,4239919.0,22.86,0.75,3033.6,2996.376,3083.763,3626103.05,3870637.55,3833326.28
2022-05-10,2965.78,3043.78,3035.84,2957.4,3706609.75,31.7,1.05,3031.272,2999.198,3093.42,3625984.85,3788646.23,3828243.73
2022-05-09,2990.2,3015.94,3004.14,2983.61,2920615.5,2.58,0.09,3019.2,3003.595,3103.463,3635406.45,3809919.95,3844226.56
2022-05-06,3011.32,3030.69,3001.56,2992.72,3432642.25,-66.2,-2.16,3010.028,3018.286,3117.428,3897403.75,3879905.43,3913017.19
2022-05-05,3044.85,3082.23,3067.76,3042.12,3830728.75,20.7,0.68,2987.002,3037.533,3131.486,4014105.6,3876585.3,3930490.3
2022-04-29,2986.06,3048.49,3047.06,2968.33,4239328.0,71.58,2.41,2959.152,3050.309,3140.708,4115172.05,3840877.55,3938173.83
2022-04-28,2945.81,2991.51,2975.48,2936.79,3753717.75,17.2,0.58,2967.124,3066.727,3151.685,3951307.6,3824786.83,3909584.26
2022-04-27,2866.82,2959.18,2958.28,2863.65,4230602.0,71.85,2.49,2987.99,3091.743,3163.108,3984433.45,3820657.4,3880035.2
2022-04-26,2930.45,2957.68,2886.43,2878.26,4016151.5,-42.08,-1.44,3026.544,3114.597,3175.919,3862407.1,3788754.13,3841002.54
2022-04-25,3034.27,3043.82,2928.51,2928.51,4336061.0,-158.41,-5.13,3088.064,3147.287,3192.209,3739065.0,3805460.9,3810204.96
2022-04-22,3058.4,3105.66,3086.92,3049.36,3420005.75,7.11,0.23,3141.466,3171.149,3208.297,3566583.05,3796015.0,3757905.24
2022-04-21,3138.43,3160.9,3079.81,3069.68,3919347.0,-71.24,-2.26,3166.33,3187.642,3217.502,3698266.05,3867841.23,3761842.64
2022-04-20,3189.89,3191.83,3151.05,3142.05,3620470.25,-42.98,-1.35,3195.496,3203.331,3226.505,3656881.35,3878533.18,3746473.36
2022-04-19,3192.09,3207.83,3194.03,3174.71,3399441.0,-1.49,-0.05,3202.65,3216.569,3231.637,3715101.15,3946128.95,3742564.1
2022-04-18,3185.94,3204.03,3195.52,3166.98,3473651.25,-15.72,-0.49,3206.51,3225.438,3234.489,3871856.8,3984395.3,3759109.85
2022-04-15,3210.7,3229.87,3211.24,3200.13,4078420.75,-14.4,-0.45,3200.832,3231.106,3235.465,4025446.95,4035470.1,3795834.01
2022-04-14,3203.63,3240.0,3225.64,3200.23,3712423.5,38.82,1.22,3208.954,3236.642,3233.438,4037416.4,3994381.7,3814246.58
2022-04-13,3199.8,3225.47,3186.82,3183.53,3911569.25,-26.51,-0.82,3211.166,3234.472,3225.355,4100185.0,3939413.0,3861143.98
2022-04-12,3165.12,3214.54,3213.33,3140.9,4183219.25,46.2,1.46,3230.488,3237.24,3227.19,4177156.75,3893250.95,3834549.85
2022-04-11,3239.86,3239.86,3167.13,3156.51,4241602.0,-84.72,-2.6,3244.366,3237.131,3232.011,4096933.8,3814949.03,3817422.45
2022-04-08,3239.88,3257.09,3251.85,3208.35,4138268.0,15.15,0.47,3261.38,3245.444,3238.459,4045493.25,3719795.48,3794510.54
2022-04-07,3267.81,3290.26,3236.7,3236.48,4026266.5,-46.73,-1.42,3264.33,3247.362,3238.686,3951347.0,3655844.05,3820739.91
2022-04-06,3269.43,3288.11,3283.43,3255.69,4296428.0,0.71,0.02,3257.778,3249.678,3241.528,3778641.0,3614413.55,3827389.98
2022-04-01,3234.67,3287.23,3282.72,3226.3,3782104.5,30.52,0.94,3243.992,3246.704,3245.999,3609345.15,3538999.25,3809363.08
2022-03-31,3256.14,3272.04,3252.2,3246.06,3984399.25,-14.4,-0.44,3229.896,3243.539,3254.246,3532964.25,3533824.4,3817021.14
2022-03-30,3217.59,3266.6,3266.6,3216.3,3667536.75,62.66,1.96,3229.508,3239.823,3265.691,3394097.7,3556197.93,3824098.33
2022-03-29,3216.01,3229.18,3203.94,3196.46,3162736.5,-10.56,-0.33,3230.394,3230.234,3276.571,3360341.1,3634111.45,3805405.33
2022-03-28,3185.17,3230.22,3214.5,3159.83,3449948.75,2.26,0.07,3241.578,3216.237,3290.815,3450186.1,3782874.95,3810269.33
2022-03-25,3247.16,3257.11,3212.24,3211.64,3400200.0,-38.02,-1.17,3249.416,3217.14,3303.206,3468653.35,3775848.75,3810691.09
2022-03-24,3256.06,3266.89,3250.26,3236.66,3290066.5,-20.77,-0.64,3257.182,3226.891,3315.164,3534684.55,3819895.88,3829452.36
2022-03-23,3264.79,3279.89,3271.03,3251.98,3498753.75,11.17,0.34,3250.138,3231.474,3324.149,3718298.15,3869225.6,3909126.49
2022-03-22,3249.54,3279.11,3259.86,3239.53,3611961.5,6.17,0.19,3230.074,3230.01,3335.055,3907881.8,3985635.78,3896991.25
2022-03-21,3255.62,3267.5,3253.69,3223.39,3542285.0,2.62,0.08,3190.896,3233.377,3344.92,4115563.8,4040366.4,3879532.91
2022-03-18,3207.15,3260.78,3251.07,3197.36,3730356.0,36.03,1.12,3184.864,3245.294,3356.766,4083044.15,4079726.9,3853189.54
2022-03-17,3215.01,3260.17,3215.04,3202.93,4208134.5,44.33,1.4,3196.6,3264.952,3368.75,4105107.2,4100217.88,3814246.73
2022-03-16,3107.67,3177.79,3170.71,3023.3,4446672.0,106.74,3.48,3212.81,3291.559,3381.4,4020153.05,4091998.73,3752471.34
2022-03-15,3192.36,3196.92,3063.97,3063.97,4650371.5,-159.56,-4.95,3229.946,3322.907,3396.156,4063389.75,3976699.2,3667634.7
2022-03-14,3271.89,3297.8,3223.53,3223.53,3379686.75,-86.22,-2.6,3275.858,3365.393,3415.262,3965169.0,3837663.7,3572895.79
2022-03-11,3259.32,3315.66,3309.75,3217.42,3840671.25,13.66,0.41,3305.724,3389.271,3425.53,4076409.65,3845533.43,3561548.68
2022-03-10,3312.18,3326.58,3296.09,3291.24,3783363.75,39.7,1.22,3333.304,3403.437,3433.19,4095328.55,3839008.85,3550193.16
2022-03-09,3303.71,3321.48,3256.39,3147.68,4662855.5,-37.14,-1.13,3370.308,3416.824,3442.681,4163844.4,3949027.38,3538858.11
2022-03-08,3372.55,3383.63,3293.53,3287.34,4159267.75,-79.33,-2.35,3415.868,3440.1,3453.859,3890008.65,3808346.73,3480840.3
2022-03-07,3438.56,3438.56,3372.86,3360.74,3935890.0,-74.79,-2.17,3454.928,3456.462,3461.814,3710158.4,3718699.43,3455923.85
2022-03-04,3459.98,3474.88,3447.65,3437.7,3935265.75,-33.46,-0.96,3472.818,3468.237,3464.65,3614657.2,3626652.18,3419371.95
2022-03-03,3495.93,3500.29,3481.11,3473.34,4125943.0,-3.08,-0.09,3473.57,3472.548,3460.339,3582689.15,3528275.58,3368036.29
2022-03-02,3478.29,3486.62,3484.19,3467.0,3293676.75,-4.64,-0.13,3463.34,3471.241,3455.996,3734210.35,3412943.95,3302042.4
2022-03-01,3471.36,3491.13,3488.83,3465.72,3260016.5,26.52,0.77,3464.332,3469.405,3454.57,3726684.8,3358570.2,3274919.98
2022-02-28,3450.32,3462.31,3462.31,3425.52,3458384.0,10.9,0.32,3457.996,3465.131,3451.782,3727240.45,3308127.88,3275596.06
2022-02-25,3445.34,3480.18,3451.41,3440.93,3775425.5,21.45,0.62,3463.656,3461.788,3454.872,3638647.15,3277563.93,3242811.04
2022-02-24,3474.37,3486.98,3429.96,3400.21,4883549.0,-59.19,-1.7,3471.526,3462.942,3458.43,3473862.0,3261377.48,3217307.2
2022-02-23,3458.51,3490.76,3489.15,3458.18,3256049.0,32.0,0.93,3479.142,3468.537,3464.685,3091677.55,3128688.85,3162884.68
2022-02-22,3473.29,3473.39,3457.15,3437.67,3262794.75,-33.46,-0.96,3474.478,3467.617,3468.136,2990455.6,3153333.88,3166699.86
2022-02-21,3488.41,3492.2,3490.61,3471.69,3015417.5,-0.15,-0.0,3472.266,3467.165,3473.774,2889015.3,3193148.28,3192133.34
2022-02-18,3451.63,3490.76,3490.76,3447.03,2951499.75,22.72,0.66,3459.92,3461.062,3476.327,2916480.7,3212091.73,3197805.83
2022-02-17,3464.21,3480.97,3468.04,3454.28,2972626.75,2.21,0.06,3454.358,3448.13,3477.852,3048892.95,3207797.0,3238699.35
2022-02-16,3457.07,3475.06,3465.83,3453.8,2749939.25,19.74,0.57,3457.932,3440.751,3482.213,3165700.15,3191140.85,3274752.2
2022-02-15,3428.04,3447.49,3446.09,3421.64,2755593.25,17.21,0.5,3460.756,3439.735,3488.793,3316212.15,3191269.75,3308821.71
2022-02-14,3451.85,3457.26,3428.88,3415.45,3152744.5,-34.07,-0.98,3462.064,3438.432,3494.861,3497281.25,3243064.25,3350922.99
2022-02-11,3472.28,3500.15,3462.95,3459.33,3613561.0,-22.96,-0.66,3462.204,3447.955,3503.093,3507702.75,3208058.15,3371397.06
2022-02-10,3481.91,3488.86,3485.91,3464.22,3556662.75,5.96,0.17,3441.902,3453.917,3508.922,3366701.05,3173236.93,3408872.49
2022-02-09,3450.82,3484.74,3479.95,3444.08,3502499.25,27.32,0.79,3423.57,3460.832,3513.931,3216581.55,3197080.5,3416809.63
2022-02-08,3428.54,3453.19,3452.63,3390.46,3660938.75,23.05,0.67,3418.714,3468.655,3519.692,3066327.35,3180065.85,3453635.69
2022-02-07,3407.76,3434.03,3429.58,3407.76,3204852.0,68.14,2.03,3414.8,3480.383,3528.677,2988847.25,3191118.4,3473102.64
2022-01-28,3407.59,3417.05,3361.44,3356.56,2908552.5,-32.81,-0.97,3433.706,3491.592,3539.187,2908413.55,3183519.93,3477701.0
2022-01-27,3456.1,3456.36,3394.25,3392.02,2806065.25,-61.42,-1.78,3465.932,3507.574,3552.075,2979772.8,3269601.7,3486193.03
2022-01-26,3442.69,3462.12,3455.67,3417.76,2751228.25,22.61,0.66,3498.094,3523.675,3562.212,3177579.45,3358363.55,3498455.65
2022-01-25,3509.28,3519.83,3433.06,3433.06,3273538.25,-91.05,-2.58,3518.596,3537.851,3570.934,3293804.35,3426373.68,3518995.36
2022-01-24,3508.24,3531.61,3524.11,3500.14,2802683.5,1.54,0.04,3545.966,3551.289,3580.08,3393389.55,3458781.73,3519936.1
2022-01-21,3546.75,3547.0,3522.57,3514.89,3265348.75,-32.49,-0.91,3549.478,3558.23,3584.777,3458626.3,3534735.98,3574975.74
2022-01-20,3556.23,3576.26,3555.06,3540.55,3795098.5,-3.12,-0.09,3549.216,3563.927,3590.815,3559430.6,3644508.05,3603171.16
2022-01-19,3567.63,3578.73,3558.18,3541.66,3332352.75,-11.73,-0.33,3549.256,3567.029,3594.193,3539147.65,3636538.75,3610828.83
2022-01-18,3541.89,3579.31,3569.91,3531.33,3771464.25,28.24,0.8,3557.106,3570.729,3597.541,3558943.0,3727205.53,3648303.36
2022-01-17,3522.09,3546.09,3541.67,3519.43,3128867.25,20.41,0.58,3556.612,3576.971,3598.725,3524173.9,3755086.88,3671655.85
2022-01-14,3544.07,3548.42,3521.26,3519.32,3769370.25,-34.0,-0.96,3566.982,3586.782,3603.26,3610845.65,3771882.08,3719456.4
2022-01-13,3601.03,3601.07,3555.26,3555.16,3693683.75,-42.17,-1.17,3578.638,3596.575,3610.948,3729585.5,3702784.35,3721652.64
2022-01-12,3578.16,3599.5,3597.43,3572.1,3431329.5,29.99,0.84,3584.802,3600.749,3615.566,3733929.85,3638547.75,3725707.29
2022-01-11,3589.9,3602.15,3567.44,3562.75,3597618.75,-26.08,-0.73,3584.352,3604.017,3618.771,3895468.05,3611617.05,3735226.78
2022-01-10,3572.74,3593.52,3593.52,3555.13,3562226.0,13.98,0.39,3597.33,3608.87,3624.453,3985999.85,3581090.48,3767391.84
2022-01-07,3588.99,3607.23,3579.54,3577.1,4363069.5,-6.54,-0.18,3606.582,3611.323,3628.095,3932918.5,3615215.5,3799274.94
2022-01-06,3581.22,3594.49,3586.08,3559.88,3715405.5,-9.1,-0.25,3614.512,3617.703,3632.77,3675983.2,3561834.28,3797080.54
2022-01-05,3628.26,3628.26,3595.18,3583.47,4239020.5,-37.15,-1.02,3616.696,3621.357,3635.344,3543165.65,3585118.9,3791828.59
2022-01-04,3649.15,3651.89,3632.33,3610.09,4050277.75,-7.45,-0.2,3623.682,3624.352,3635.34,3327766.05,3569401.2,3781798.86
